name,description,founded_year,funding_total_usd,funding_stage,founders,investors,categories,city,region,country,sector,website,linkedin_url,crunchbase_url,source_url,extraction_date,market_size_billion,cagr_percent,timing_score,competitor_count,market_stage,confidence_score_market,us_sentiment,sea_sentiment,total_funding_billion,momentum_score
Fundamental Labs,Fundamental Labs is a venture capital firm that invests in Web3 technology.,2025,,,Raymond Yuan,,AI|Machine Learning|Robotics,,,United States,"""Socially Intelligent AI Agents for Human Interaction""",http://www.fundamentallabs.com/,https://www.linkedin.com/company/fundamental-labs,https://www.crunchbase.com/organization/fundamental-labs,https://altera.al/,2025-07-24 06:20:37.904645,0.3,35.0,4.5,15,early,0.85,4.7,4.3,0.8,4.2
Cleanlab,"Cleanlab makes AI agents reliable. Detect issues, fix root causes, and apply guardrails for safe, accurate performance.",2021,30000000.0,series_a,Anish Athalye|Curtis Northcutt|Jonas Mueller,Menlo Ventures|Bain Capital Ventures|Tq Ventures|Databricks Ventures,AI|Machine Learning,,,United States,"""Real-Time AI Error Detection Solutions""",https://cleanlab.ai,https://www.linkedin.com/company/cleanlab,https://www.crunchbase.com/organization/cleanlab,https://cleanlab.ai/,2025-07-24 06:20:48.683959,0.8,25.0,4.0,15,growth,0.85,4.3,3.8,0.5,3.8
Cedana,"Cedana is VMWare for GPUs. We enable enterprises to orchestrate and operationalize intelligence precisely, reliably, and efficiently.",2023,500000.0,pre_seed,Neel Master|Niranjan Ravichandra,Y Combinator,Cloud Computing|AI,,,United States,"""Cloud Compute Optimization for AI Workloads""",https://www.cedana.ai,https://www.linkedin.com/company/cedanacorp,https://www.crunchbase.com/organization/cedana,https://www.cedana.ai/,2025-07-24 06:21:00.567357,3.2,28.0,4.5,15,growth,0.85,4.7,4.3,1.1,4.2
OptiCore,OptiCore is as photonic computing company developing optical processing units (OPUs),2016,5000000.0,seed,Alex Turnbull,Alex Turnbull|Dorjee Sun|Karan Danthi,AI|Computing|Photonics,,,United States,"""Photonic Integrated Circuits for AI Computing""",https://www.opticore.ai/,https://www.linkedin.com/company/opticore-inc/,https://www.crunchbase.com/organization/opticore,https://www.opticore.ai/,2025-07-24 06:21:12.322665,0.3,25.0,3.5,10,growth,0.85,3.8,4.0,0.5,3.7
Code Metal,AI-Powered development at the Edge,2023,19725000.0,series_unknown,Peter Morales|Alex Showalter-Bucher,Shield Capital|J2 Ventures|Underdog Labs|Fulcrum Venture Accelerator,AI|Robotics|Software Development,Boston,Massachusetts,United States,"""AI-Driven Hardware Software Translation Solutions""",https://www.codemetal.ai,https://www.linkedin.com/company/code-metal,https://www.crunchbase.com/organization/code-metal,https://www.codemetal.ai/news/researchers-launch-code-metal-boston-startup-using-ai,2025-07-24 06:21:23.314884,12.0,20.0,4.5,20,growth,0.85,4.3,3.8,1.5,4.2
ChipBrain,ChipBrain designs the world's best communication-assistance AI to empower with augmented empathy & persuasion in conversations.,2020,,,Curtis Northcutt,,AI|ML|NLP|data-centric ML,Boston,MA,United States,"""Conversational AI and Data-Centric Machine Learning Solutions""",https://chipbrain.com,https://www.linkedin.com/company/chipbrain/,https://www.crunchbase.com/organization/chipbrain,https://research.chipbrain.com/,2025-07-24 06:21:38.586518,1.2,20.0,4.0,15,growth,0.85,4.3,3.8,0.8,3.8
Future House,Future Residential Alternative offers transitional housing and support for adults in need.,2023,,,Sam Rodriques|Andrew White,,AI|Research|Automation,,,United States,"""AI-Driven Scientific Research Automation Solutions""",https://www.futurehousechicago.org,,https://www.crunchbase.com/organization/future-house,https://news.mit.edu/2025/futurehouse-accelerates-scientific-discovery-with-ai-0630,2025-07-24 06:22:04.876057,1.2,18.0,4.0,15,growth,0.85,4.3,3.8,0.8,3.8
Slip Robotics,Slip Robotics is a loading and unloading of trucks firm that offers service supply chain and mobile robotics for logistics industries.,2020,36017160.5,series_b,Chris Smith|Dennis Siedlak|John Jakomin|Christopher Smith|Dennis Jl Siedlak,Dcvc|Overline|Hyde Park Venture Partners|Tech Square Ventures|Pathbreaker Ventures,robotics|automation,Atlanta,Georgia,United States,"""Robotic Logistics Automation for Freight Handling""",https://sliprobotics.com/,https://www.linkedin.com/company/slip-robotics/,https://www.crunchbase.com/organization/slip-robotics,https://techcrunch.com/2024/12/17/slip-robotics-snags-28m-for-its-bots-that-can-load-a-truck-in-five-minutes/,2025-07-24 06:22:17.473104,1.2,15.0,4.0,15,unknown,0.85,4.3,3.8,0.8,3.8
Nota AI,"Nota AI is a tech startup with a focus on optimizing AI models with NetsPresso, our proprietary hardware-aware AI optimization platform.",2023,41300973.0,pre_seed,Eddie Yang|Myungsu Chae|Steven Kim|Tae Ho Kim,Boot64 Ventures|Intervest Co.|Bluepoint|Stone Bridge Ventures|Mirae Asset Securities,AI|NLP,,,United States,"""Advanced Natural Language Processing AI Solutions""",http://nota.ai,https://www.linkedin.com/company/nota-incorporated/,https://www.crunchbase.com/organization/nota-inc,https://venturebeat.com/ai/with-quiet-star-language-models-learn-to-think-before-speaking/?utm_campaign=The%20BRIEF%20newsletter%20|%20eMerge%20Americas%202024&utm_source=hs_email&utm_medium=email&utm_content=300697661&_hsenc=p2ANqtz--4qCYKNa0cMp28ZSnbun-Ck7-IJXzimY08eIxShquk9vBK4AHl66yVdiARC705HiQw0dDvI_DEvR0G1FYWCSR2MGUrymENg2GnGyLXGo4z5ekFINE,2025-07-24 06:22:34.674408,4.5,20.0,4.0,40,growth,0.85,4.3,3.8,1.2,4.2
Cyberhaven,"Cyberhaven is an AI-powered data security company focused on detecting and preventing data loss, insider threats, and protecting cloud data.",2016,162250000.0,series_d,Cristian Zamfir|George Candea|Radu Banabic|Vitaly Chipounov|Volodymyr Kuznetsov,Khosla Ventures|Stepstone Group|Adams Street Partners|Vertex Ventures|Forgepoint Capital,AI|Data Security,,,United States,"""AI-Driven Data Security Solutions for Enterprises""",https://www.cyberhaven.com,https://www.linkedin.com/company/cyberhaven,https://www.crunchbase.com/organization/cyberhaven,https://www.bloomberg.com/news/articles/2024-06-11/ai-security-startup-cyberhaven-raises-88-million-in-new-funding,2025-07-24 06:22:52.185561,3.5,12.0,4.0,20,unknown,0.85,4.2,3.8,1.2,3.8
Dropzone AI,Dropzone AI delivers pre-trained autonomous AI security agents that work alongside human analysts on security operations teams,2023,18600000.0,series_a,Edward Wu,Theory Ventures|Decibel Partners|Psl Ventures|Iqt|Oliver Friedrichs,AI|Cybersecurity,United States,,United States,"""AI-Driven Cybersecurity Threat Detection Solutions""",https://dropzone.ai,https://www.linkedin.com/company/dropzone-ai,https://www.crunchbase.com/organization/dropzone-ai,https://venturebeat.com/ai/dropzone-ai-raises-17m-from-theory-ventures-for-its-autonomous-cybersecurity-ai-agents/,2025-07-24 06:23:06.622457,3.2,23.1,4.5,40,growth,0.85,4.6,4.1,1.8,4.3
Perplexity,"Perplexity is an AI-powered answer engine designed to provide accurate, real-time responses to user queries.",2022,1275000000.0,series_unknown,Aravind Srinivas|Andy Konwinski|Denis Yarats|Johnny Ho,Accel|Bessemer Venture Partners|Nvidia|Ivp|New Enterprise Associates,AI|NLP,,,United States,"""Natural Language Processing Solutions for Information Retrieval""",https://www.perplexity.ai,https://www.linkedin.com/company/perplexity-ai,https://www.crunchbase.com/organization/perplexity-ai,https://opentools.ai/news/busting-myths-about-ai-founders-diversity-rules,2025-07-24 06:23:19.340542,4.5,15.0,4.0,30,unknown,0.85,4.2,3.8,1.0,3.8
Ambient Intelligence,Ambient Intelligence is replacing wearables with ambient sensors.,2017,100000.0,pre_seed,Brian Bradley Johnson,Gener8Tor|Right Side Capital Management|Gbeta|Allianz Life Ventures|Greg Shultz,Healthcare AI|Patient Care,Minneapolis,Minnesota,United States,"""AI-Driven Patient Outcome Improvement Solutions""",http://ambienthealthgroup.com,https://www.linkedin.com/company/ambient-intelligence,https://www.crunchbase.com/organization/ambient-intelligence,https://ambienthealthgroup.com/,2025-07-24 06:23:30.161716,3.5,40.0,3.8,15,growth,0.85,3.5,3.0,0.8,3.5
Threedium,Threedium enables the digitization of physical products that can be sold as 3D NFTs and fulfilled in physical form or in the metaverse.,2017,14555321.0,series_a,Dusan Odobasic|Kyriacos Kyprianou|Lode Groosman|Mike Charalambous|Xose Lois Fernandez Cañizares,Htgf (High Tech Gruenderfonds)|Seedrs|Outlier Ventures|Collider|Reflexive Capital,AI|Augmented Reality|3D Content,,,United States,"""3D Augmented Reality Content Creation Platform""",https://threedium.io,https://www.linkedin.com/company/threedium/,https://www.crunchbase.com/organization/threedium,https://www.edenbase.com/fund,2025-07-24 06:23:45.601474,1.2,30.0,3.8,15,growth,0.85,3.5,3.2,0.5,3.5
DocDraft,DocDraft is an AI-assisted legal drafting tool to generate custom automated drafts.,2021,8300000.0,seed,Anish Dalal|Taher Hassonjee|Taz Hassonjee,Harlem Capital,Generative AI|Document Automation,,,United States,"""AI-Driven Document Automation Solutions""",https://www.docdraft.ai/,https://www.linkedin.com/company/nlplabs,https://www.crunchbase.com/organization/docdraft,https://harlem.capital/who-are-the-diverse-founders-in-generative-ai/,2025-07-24 06:24:02.253790,1.2,25.0,3.8,15,growth,0.85,4.0,3.5,0.8,3.7
ValAi,ValAi is a startup disruptive technology company that provides blockchain solutions.,2019,1000000.0,seed,Allys Todd|Tom Reed,South Australian Venture Capital Fund,Sustainability|Software Development,Adelaide,South Australia,Australia,"""Sustainable Finance Data Solutions for Real Estate""",https://valai.com.au/,https://au.linkedin.com/company/valai,https://www.crunchbase.com/organization/valai,https://au.linkedin.com/company/valai,2025-07-24 06:24:20.211569,3.2,15.0,3.8,15,unknown,0.85,3.5,3.2,0.8,3.5
Speedy Brand,Speedy Brand provides generative AI-powered marketing content for SMBs.,2022,2500000.0,pre_seed,Ranti Dev Sharma|Jatin Mehta|Ayush Jasuja,Y Combinator|Google Ventures,AI|Content Generation|SEO,,,United States,"""AI-Driven SEO Content Generation for SMBs""",https://speedybrand.xyz,https://www.linkedin.com/company/speedy-brand-inc,https://www.crunchbase.com/organization/speedy-brand,https://techcrunch.com/2023/07/07/speedybrand-generative-ai-marketing/,2025-07-24 06:24:40.737384,0.1,30.0,3.5,5,growth,0.85,3.8,3.5,0.3,3.0
Typeface,Typeface offers a generative AI application that provides streamlined and personalized content creation for enterprises.,2022,132500000.0,series_b,Abhay Parasnis,Menlo Ventures|Lightspeed Venture Partners|Madrona|Salesforce Ventures|Google Ventures,Generative AI|Enterprise AI,San Francisco,California,United States,"""Generative AI for Personalized Brand Content Creation""",https://www.typeface.ai,https://www.linkedin.com/company/typeface-ai/,https://www.crunchbase.com/organization/typeface,https://techcrunch.com/2023/06/29/typeface-which-is-building-generative-ai-for-brands-raises-100m-at-a-1b-valuation/,2025-07-24 06:24:53.278216,0.3,35.0,4.5,10,early,0.85,4.7,4.3,0.5,4.2
Vellum,Vellum is a provider of an enterprise development platform for building mission-critical AI products.,2023,15250000.0,series_a,Akash Sharma|Noa Flaherty|Sidd Seethepalli,Y Combinator|Pioneer Fund|Rebel Fund|Twentytwo Vc|Leaders Fund,Generative AI|NLP,San Francisco,California,United States,"""Generative AI Prompt Optimization for Business Applications""",https://www.vellum.ai,https://www.linkedin.com/company/vellumai,https://www.crunchbase.com/organization/vellum-74f3,https://techcrunch.com/2023/07/11/prompt-engineering-startup-vellum-ai/,2025-07-24 06:25:06.639755,0.5,35.0,4.5,15,early,0.85,4.7,4.2,0.8,4.3
Writer,Writer is a software firm that develops a full-stack generative AI platform delivering transformative ROI for enterprises.,2020,263000000.0,series_c,May Habib|Waseem AlShikh,Insight Partners|B Capital|Radical Ventures|Salesforce Ventures|Geodesic Capital,Generative AI|Enterprise AI,San Francisco,California,United States,"""Enterprise Generative AI Solutions for NLP Applications""",http://writer.com,https://www.linkedin.com/company/writer-ai/,https://www.crunchbase.com/organization/writer,https://techcrunch.com/2024/11/12/generative-ai-startup-writer-raises-200m-at-a-1-9b-valuation/,2025-07-24 06:25:16.649930,0.5,35.0,3.5,10,growth,0.85,3.8,3.2,0.8,3.7
Runway,Runway is a global AI research and technology company building foundational research models and tools to create multimodal world simulators.,2018,342750000.0,series_d,Cris Valenzuela|Alejandro Matamala|Anastasis Germanidis|Alejandro Matamala Ortiz|Cristobal Valenzuela Barrera,General Atlantic|Nvidia|Google|Coatue|Lux Capital,Generative AI|Multimedia|Content Creation,San Francisco,California,United States,"""Generative AI Tools for Multimedia Content Creation""",https://runwayml.com,https://www.linkedin.com/company/runwayml/,https://www.crunchbase.com/organization/runwayml,https://techcrunch.com/2023/06/29/runway-a-startup-building-generative-ai-for-content-creators-raises-141m/,2025-07-24 06:25:28.689601,1.2,30.0,3.5,10,growth,0.85,3.8,3.2,0.5,3.0
Alta,Alta leverages data and AI to drive business growth 24/7.,2021,9000000.0,seed,Jenny Wang|Mor Shabtai|Stav Neumark|Tom Hoffen,Entrée Capital|Target Global|Ben Lang,AI|Fashion Tech|E-commerce,Not specified,Not specified,United States,"""AI-Driven Personal Styling and Fashion Recommendation Service""",https://www.altahq.com/,https://www.linkedin.com/company/altahqdotcom/about/,https://www.crunchbase.com/organization/alta-eab5,https://techcrunch.com/2025/06/16/alta-raises-11m-to-bring-clueless-fashion-tech-to-life-with-all-star-investors/?utm_source=chatgpt.com,2025-07-24 06:25:42.030136,0.5,20.0,3.5,10,growth,0.85,3.8,3.5,0.3,3.0
Exa,Exa is an AI research center that is reinventing the quest for AI.,2021,19500000.0,series_a,Will Bryk|Jeffrey Wang,Y Combinator|Lightspeed Venture Partners|Nventures|Mei Z.,AI|Machine Learning|Search Engine,,,United States,"""AI-Enhanced Search Algorithms for Web Data Retrieval""",https://exa.ai,https://www.linkedin.com/company/exa-ai/,https://www.crunchbase.com/organization/exa-1b30,https://techcrunch.com/2024/07/16/exa-raises-17m-lightspeed-nvidia-ycombinator-google-ai-models/,2025-07-24 06:25:59.627756,3.2,27.0,4.5,40,growth,0.85,4.3,3.8,1.5,4.2
Mixus,AI agents we can trust,2017,2600000.0,pre-seed,Elliot Katz|Shai Magzimof,,AI|Productivity|Communication,Stanford,California,United States,"""AI-Driven Workflow Automation for Communication Platforms""",https://www.mixus.ai/,https://www.linkedin.com/company/mixus-ai/,https://www.crunchbase.com/organization/mixus,https://techcrunch.com/2025/07/22/this-startup-thinks-email-could-be-the-key-to-usable-ai-agents/,2025-07-24 06:26:11.776398,1.2,35.0,3.8,10,growth,0.85,3.5,3.0,0.5,3.7
Palona AI,Palona AI offers a range of artificial intelligence technologies that boost D2C growth.,2025,10000000.0,seed,Maria Zhang,Fusion Fund|Uphonest Capital|Neo Investment Partners|Maynard Webb,AI|D2C,Palo Alto,California,United States,"""AI-Driven Direct-to-Consumer Growth Solutions""",https://palona.ai/,https://www.linkedin.com/company/proactive-ai-lab/about/,https://www.crunchbase.com/organization/palona-ai,https://www.crunchbase.com/organization/palona-ai,2025-07-24 06:26:20.953776,3.2,28.4,4.8,40,growth,0.85,4.7,4.3,1.5,4.5
Tera AI,"Tera AI is creating a software-only, platform-agnostic spatial reasoning AI that will allow any robot to use its camera to navigate.",2023,7900000.0,seed,Tony Zhang,Inovia Capital|Felicis|Caltech|Naval Ravikant|Wilson Hill Ventures,robotics|AI|navigation,San Francisco,California,United States,"""Spatial Reasoning AI for Autonomous Robotics Navigation""",https://www.tera-ai.com,https://www.linkedin.com/company/foundation-model-startup/,https://www.crunchbase.com/organization/tera-ai,https://techcrunch.com/2025/03/19/teraai-comes-out-of-stealth-with-7-8m-to-provide-visual-navigation-for-robots/,2025-07-24 06:26:34.406549,1.2,20.0,3.8,15,growth,0.85,4.0,3.5,0.8,3.5
Underwrite.ai,"Underwrite.ai applies advances in artificial intelligence to provide lenders with non-linear, dynamic models of credit risk.",2025,15000000.0,seed,Rune Kvist|Marc Stein,,AI|Insurance|Safety Standards,San Francisco,California,United States,"""AI Risk Management and Insurance Solutions""",http://www.underwrite.ai/,,https://www.crunchbase.com/organization/underwrite-ai,https://venturebeat.com/ai/former-anthropic-exec-raises-15m-to-insure-ai-agents-and-help-startups-deploy-safely/,2025-07-24 06:26:49.926286,0.0,0.0,5.0,5,unknown,0.58,4.5,4.0,0.1,4.5
Thinking Machines Lab,Thinking Machines Lab is an AI research and product company that aims to increase understanding and customization of AI systems.,2025,2004987582.0,seed,Mira Murati|Lilian Weng,Andreessen Horowitz|Accel|Nvidia|Conviction Partners|Cisco,AI|Machine Learning,Silicon Valley,California,United States,"""Multimodal AI for Collaborative General Intelligence Solutions""",https://thinkingmachines.ai,https://www.linkedin.com/company/thinkingmachinesai,https://www.crunchbase.com/organization/thinking-machines-lab,https://techcrunch.com/2025/07/15/mira-muratis-thinking-machines-lab-is-worth-12b-in-seed-round/,2025-07-24 06:27:13.218387,0.0,0.0,5.0,30,mature,0.58,5.0,4.0,15.0,5.0
AIFactory,AIFactory is the most promising mobile startup developing unique Computer Vision and AR products.,2020,20000000.0,series-a,Matan Grinberg|Aleksandr Mashrabov|Greg Tkachenko,,AI|Software Engineering,San Francisco,California,United States,"""AI-Driven Software Development Automation Tools""",https://aifactory.app/,https://www.linkedin.com/company/aifactory/about/,https://www.crunchbase.com/organization/aifactory,https://www.bloomberg.com/news/articles/2024-06-18/sequoia-backs-ai-startup-that-automates-engineering-tasks,2025-07-24 06:27:37.768759,4.5,28.0,4.0,15,growth,0.85,4.2,4.0,1.2,4.1
Basis,Basis provides AI agents that automate accounting workflows for professionals.,2001,35800000.0,series_a,Matt Harpe|Mitchell Troyanovsky,Khosla Ventures|Boxgroup|Avid Ventures|Jeff Dean|Nfdg Ventures,AI|Accounting Automation,New York,New York,United States,"""AI-Driven Accounting Automation Solutions""",https://www.getbasis.ai,https://www.linkedin.com/company/get-basis-ai,https://www.crunchbase.com/organization/basis-d271,https://www.reuters.com/technology/artificial-intelligence/ai-startup-basis-raises-34-million-accounting-automation-agent-2024-12-17/,2025-07-24 06:27:50.010284,0.5,20.0,3.5,10,growth,0.85,3.8,3.2,0.3,3.7
Asari AI,"Asari AI builds AI that plans, abstracts, verifies, and discovers new skills and knowledge.",2021,,pre_seed,Stephan Zheng,Caltech|Jeff Dean|Eric Schmidt|Jp Millon,AI|Deep Learning|Reinforcement Learning,,,United States,"""Deep Learning and Reinforcement Learning Solutions Provider""",https://asari.ai/,https://www.linkedin.com/company/asari-ai/about/,https://www.crunchbase.com/organization/asari-ai,https://asari.ai/,2025-07-24 06:28:10.426989,3.5,34.5,4.5,40,growth,0.85,4.3,3.8,1.2,4.2
Essential AI,Essential AI creates AI solutions that enhance efficiency through the automation of labor-intensive and repetitive workflows.,2023,64500000.0,series_a,Ashish Vaswani|Niki Parmar,Nvidia|Google|Thrive Capital|Amd|March Capital,AI|Productivity|Automation,,,United States,"""NLP-Driven Workflow Automation Solutions""",http://www.essential.ai,https://www.linkedin.com/company/essentialai,https://www.crunchbase.com/organization/essential-ai,https://essential.ai/,2025-07-24 06:28:21.850837,7.0,20.0,4.5,30,growth,0.85,4.7,4.3,1.5,4.2
Generalist AI,Generalist AI is a robotics firm formed by a senior researcher who left Google to investigate robotics and artificial intelligence (AI).,2024,,seed,Andy Zeng,Nventures,Robotics|AI,,,United States,"""General-Purpose Robotics and AI Integration Solutions""",https://generalistai.com/,https://www.linkedin.com/company/generalistai/,https://www.crunchbase.com/organization/generalist-ai,https://generalistai.com/,2025-07-24 06:28:32.484957,3.2,20.0,4.5,15,growth,0.85,4.7,4.2,1.1,4.3
Bluefish Labs,Bluefish helps brands turn AI into a powerful new marketing channel to reach consumers and tell their story online.,2016,,pre_seed,,Bloomberg Beta|Crane Venture Partners|Firebolt Ventures|Laconia,AI Marketing|Automation|Data Management,New York,NY,United States,"""AI-Driven Marketing Automation Solutions""",https://www.bluefishai.com/,https://www.linkedin.com/company/bluefish-ai/,https://www.crunchbase.com/organization/bluefish-labs,https://sales.superagi.com/company/bluefish-ai,2025-07-24 06:28:41.647644,5.2,18.0,3.8,40,growth,0.85,4.2,3.7,1.8,4.0
Symbolica AI,Symbolica AI operates as a research-focused company.,2022,33000000.0,series_a,George Morgan,General Catalyst|Khosla Ventures|Buckley Ventures|Abstract|Day One Ventures,AI|Machine Learning|Enterprise AI,,,United States,"""Enterprise AI Cognitive Architecture and Reasoning Solutions""",https://www.symbolica.ai/,https://www.linkedin.com/company/symbolica-ai/ ,https://www.crunchbase.com/organization/symbolica-ai,https://www.symbolica.ai/,2025-07-24 06:29:03.682002,3.2,26.5,4.0,40,growth,0.85,4.3,3.8,1.5,4.2
Prime Intellect,Find compute. Train Models. Co-own intelligence.,2024,20500000.0,seed,Johannes Hagemann|Vincent Weisser,Menlo Ventures|Founders Fund|Coinfund|Compound|Balaji Srinivasan,AI|Compute|Decentralized Training,,,United States,"""Distributed AI Model Training and Resource Optimization""",https://www.primeintellect.ai/,https://linkedin.com/company/primeintellect-ai,https://www.crunchbase.com/organization/prime-intellect,https://www.primeintellect.ai/,2025-07-24 06:29:15.042723,1.2,35.0,4.5,15,early,0.85,4.3,4.0,0.8,4.2
Cognition,Cognition is an applied artificial intelligence lab that focuses on reasoning and code.,2023,196000000.0,series_unknown,Scott Wu|Steven Hao|Walden Yan,Khosla Ventures|Pear Vc|Founders Fund|South Park Commons|8Vc,AI|Software Development,San Francisco,California,United States,"""AI Software Development for Intelligent Automation Solutions""",https://www.cognition.ai,https://www.linkedin.com/company/cognition-ai-labs,https://www.crunchbase.com/organization/cognition-5bd7,https://en.wikipedia.org/wiki/Cognition_AI,2025-07-24 06:29:24.997131,12.0,28.0,4.5,40,growth,0.85,4.7,4.3,3.5,4.6
Etched.ai,"Etched.ai is an AI chip startup that develops Sohu, a chip designed specifically for running transformer models.",2022,65380000.0,series_a,Chris Zhu|Gavin Uberti|Robert Wachen,Primary Venture Partners|Hummingbird Ventures|Two Sigma Ventures|Fontinalis Partners|Oceans,AI hardware|machine learning,San Francisco,California,United States,"""Specialized Hardware for Large Language Model Optimization""",https://www.etched.com,https://www.linkedin.com/company/etched-ai,https://www.crunchbase.com/organization/etched-ai,https://aventure.vc/companies/etched-ai-cupertino-ca-us,2025-07-24 06:29:37.973335,1.2,40.0,4.5,15,early,0.85,4.3,3.8,1.0,4.2
Harvey,"Harvey provides AI-driven tools to assist legal professionals with research, document review, and contract analysis.",2022,453000000.0,series_e,Gabriel Pereyra|Winston Weinberg|Gabe Pereyra,Openai|Sequoia Capital|Kleiner Perkins|Conviction Partners|Coatue,Legal AI|NLP,,,United States,"""AI Legal Document Automation and Analysis Solutions""",https://harvey.ai,https://www.linkedin.com/company/harvey-ai,https://www.crunchbase.com/organization/harvey-128b,https://www.reuters.com/legal/transactional/legal-ai-firm-harvey-raises-100-mln-new-funding-round-2024-07-23/,2025-07-24 06:29:53.752400,0.5,25.0,4.0,10,growth,0.85,3.8,3.2,0.3,3.5
Artificial.Agency,Artificial Agency is an AI firm that is pioneering generative behavior in gaming.,2023,16078544.0,seed,Andrew Butcher|Alex Kearney|Mike Johanson|Brian Tanner|Michael Johanson,Radical Ventures|Toyota Ventures|Bdc Venture Capital|Kaya|Tirta Ventures,AI|Gaming|Generative AI,,,United States,"""Generative AI for Interactive Gaming Experiences""",https://www.artificial.agency,https://www.linkedin.com/company/artificialagency,https://www.crunchbase.com/organization/artificial-agency,https://venturebeat.com/ai/artificial-agency-raises-16m-to-bring-ai-powered-behavior-to-games/,2025-07-24 06:30:04.957186,0.5,35.0,4.5,10,early,0.85,4.2,3.8,0.8,4.0
Xaira Therapeutics,Xaira Therapeutics is an integrated biotechnology company driving advances in artificial intelligence.,2023,1000000000.0,series_a,Marc Tessier-Lavigne|David Baker|Arvind Rajpal|Don Kirkpatrick|Hetu Kamisetty|Joe Watchwell Watson,Menlo Ventures|Sequoia Capital|Lightspeed Venture Partners|New Enterprise Associates|Lux Capital,AI|Biotech|Drug Discovery,,,United States,"""AI-Driven Drug Discovery and Development Solutions""",https://xaira.com,https://www.linkedin.com/company/xaira-therapeutics,https://www.crunchbase.com/organization/xaira-therapeutics,https://techcrunch.com/2024/04/24/xaira-an-ai-drug-discovery-startup-launches-with-a-massive-1b-says-its-ready-to-start-developing-drugs/,2025-07-24 06:31:20.441936,3.2,40.0,4.5,15,early,0.85,4.7,4.2,1.5,4.3
Paxton,Paxton is an innovative legal technology firm transforming the legal landscape.,2023,14250000.0,series_a,Michael Ulin|Tanguy Chau,Gaingels|Plug And Play|Identity.Vc|Unusual Ventures|25Madison,Legal Tech|AI,San Francisco,California,United States,"""AI-Driven Legal Language Processing Solutions""",https://paxton.ai,https://www.linkedin.com/company/paxtonai,https://www.crunchbase.com/organization/paxton-ai,https://www.f6s.com/companies/large-language-model-llm/united-states/co,2025-07-24 06:31:44.262170,1.2,26.0,4.0,15,growth,0.85,4.3,3.8,0.8,3.8
Foundry,Foundry is a public cloud supported by an orchestration platform designed to simplify the utilization of AI computing resources.,2022,80000000.0,series_a,Jared Quincy Davis,Sequoia Capital|Lightspeed Venture Partners|New Enterprise Associates|Redpoint|Conviction Vc,Artificial General Intelligence|Machine Learning,Menlo Park,California,United States,"""Artificial General Intelligence Development Solutions""",https://www.mlfoundry.com,https://www.linkedin.com/company/foundry-mlfoundry,https://www.crunchbase.com/organization/foundry-5bb1,https://www.f6s.com/companies/artificial-general-intelligence-agi/united-states/co,2025-07-24 06:31:53.994944,10.0,27.0,4.5,40,growth,0.85,4.3,3.8,5.0,4.2
Day AI,"Day.ai eliminates the complicated, manual interfaces of Legacy CRM, and keeps you connected to what your customers want.",2023,4000000.0,seed,Christopher O'Donnell|Michael Pici,Sequoia Capital|Conviction Partners|Pillar Vc|Inspired Capital Partners|Stage 2 Capital,AI|CRM,,,United States,"""AI-Driven Customer Relationship Management Solutions""",https://day.ai,https://www.linkedin.com/company/day-ai,https://www.crunchbase.com/organization/day-ai,https://www.sequoiacap.com/companies/day-ai/,2025-07-24 06:32:04.966305,14.8,12.1,4.0,30,mature,0.85,4.3,3.8,1.8,3.9
Dynamo AI,"The enterprise platform for enabling private, secure, and regulation-compliant Gen AI models.",2021,19250000.0,series_a,Christian Lau|Vaikkunth Mugunthan,Y Combinator|Nexus Venture Partners|Canapi Ventures|Samsung Next|Basis Set Ventures,AI|Generative AI,,,United States,"""Enterprise Generative AI Privacy Solutions""",https://www.dynamo.ai/,https://www.linkedin.com/company/dynamofl,https://www.crunchbase.com/organization/dynamofl,https://www.f6s.com/companies/AI-Model-Training/mo,2025-07-24 06:32:23.889747,1.2,35.0,3.8,15,growth,0.85,3.9,3.5,0.8,3.7
Onyx,Open source Enterprise Search & AI agents,2023,10250000.0,seed,Chris Weaver|Yuhong Sun,Y Combinator|Khosla Ventures|First Round Capital|Pioneer Fund|Liquid 2 Ventures,AI|Open Source|Productivity,San Francisco,California,United States,"""Open-Source AI Integration for Enterprise Productivity""",https://www.onyx.app/,https://www.linkedin.com/company/onyx-dot-app,https://www.crunchbase.com/organization/danswer,https://www.businessinsider.com/pitch-deck-ai-agent-startup-onyx-seed-round-2025-3,2025-07-24 06:32:57.480667,0.3,35.0,4.5,15,early,0.85,4.7,4.2,0.8,4.3
Koala,Discover the intent signals your CRM is missing,2015,15000000.0,series_a,Matt Shwery|Netto Farah|Tido Carriero,Hubspot Ventures|Afore Capital|Recall Capital,AI|CRM,,,United States,"""AI-Driven Customer Relationship Management Solutions""",https://getkoala.com,https://www.linkedin.com/company/getkoala/,https://www.crunchbase.com/organization/koala-7dcf,https://techcrunch.com/2025/07/18/cursor-snaps-up-enterprise-startup-koala-in-challenge-to-github-copilot/,2025-07-24 06:33:10.689760,1.2,30.0,3.5,10,growth,0.85,3.8,3.2,0.5,3.7
Origami Agents,Origami Agents is an IT and Internet firm offering AI research agents for finding perfect customers for business.,2024,2250000.0,seed,Finn Mallery|Kenson Chung,Y Combinator|Pioneer Fund|Vijay Krishnan|Matt Wetrich,Sales AI|AI Research,San Francisco,California,United States,"""AI-Driven Sales Optimization Solutions""",https://www.origamiagents.com/,https://www.linkedin.com/company/origamiagents/,https://www.crunchbase.com/organization/origami-agents,https://venturebeat.com/ai/y-combinators-hottest-startup-origami-agents-secures-2m-seed-round-to-supercharge-sales-teams-with-ai/,2025-07-24 06:33:30.668330,3.2,28.0,4.5,40,growth,0.85,4.7,4.3,1.5,4.2
Decagon,Decagon is a conversational AI platform that provides a centralized AI engine to resolve issues in any language and across all channels.,2023,133000000.0,series_c,Jesse Zhang|Ashwin Sreenivas,Andreessen Horowitz|Accel|Bond|Forerunner|A*,AI|Customer Support,,,United States,"""AI-Driven Customer Support Automation Solutions""",https://decagon.ai,https://www.linkedin.com/company/decagon-ai,https://www.crunchbase.com/organization/decagon-485e,https://www.businessinsider.com/pitch-deck-startup-decagon-raises-vc-funding-ai-support-agents-2024-6,2025-07-24 06:33:42.183796,3.2,25.0,4.5,40,growth,0.85,4.3,3.8,1.5,4.2
Coho AI,Coho AI provides a product-led revenue platform to help software-as-a-service companies focus on the right revenue opportunities.,2021,8500000.0,seed,Ariel Maislos|Itamar Falcon|Michael Ehrlich,Eight Roads Ventures|Techaviv Founder Partners|Ariel Maislos|Natan Linder|Shlomo Kramer,AI|B2B|SaaS,,,United States,"""B2B SaaS Revenue Optimization Analytics Platform""",https://coho.ai,https://www.linkedin.com/company/coho-ai,https://www.crunchbase.com/organization/coho-ai,https://techcrunch.com/2023/01/12/coho-ai-which-uses-ai-to-help-b2b-saas-companies-boost-revenue-raises-8-5m/,2025-07-24 06:33:51.694119,7.0,15.0,4.0,30,unknown,0.85,4.3,3.8,1.5,4.2
Darrow,Darrow is a legal data security platform that ingests amounts of publicly-available documents to search for class action litigation.,2020,47000000.0,series_b,Elad Spiegelman|Evyatar Ben Artzi|Gila Hayat,Y Combinator|F2 Venture Capital|Nfx|Entrée Capital|Georgian,AI|Legal Tech,,,United States,"""AI-Driven Legal Analytics for Class Action Litigation""",https://darrow.ai,https://www.linkedin.com/company/darrow-ai,https://www.crunchbase.com/organization/darrow,https://techcrunch.com/2023/09/19/darrow-legal-tech/,2025-07-24 06:34:02.504343,0.3,25.0,3.5,10,growth,0.85,3.8,3.2,0.15,3.0
xAI,XAI is an artificial intelligence startup that develops AI solutions and tools to enhance reasoning and search capabilities.,2023,22412372021.0,corporate_round,Elon Musk|Christian Szegedy|Greg Yang|Kyle Kosic|Manuel Kroiss,Andreessen Horowitz|Blackrock|Nvidia|Tribe Capital|Sequoia Capital,AI|Artificial Intelligence,San Francisco,California,United States,"""General Artificial Intelligence Research and Development""",https://x.ai,https://www.linkedin.com/company/xai,https://www.crunchbase.com/organization/xai,https://www.seattletimes.com/business/elon-musk-sells-x-to-his-own-xai-for-33-billion-in-all-stock-deal/,2025-07-24 06:34:18.171411,15.0,35.0,4.5,30,growth,0.85,4.3,4.0,3.0,4.2
Humanise.AI,"Humanise.AI runs conversational marketing campaigns, connecting ads to bots, that increase conversion and close sales.",2023,,,Duncan Anderson|John David Wuarin,,NLP|text processing,,,United States,"""AI-Driven Natural Language Processing Tools""",https://humanise.ai/,https://www.linkedin.com/company/humanise.ai,https://www.crunchbase.com/organization/humanise-ai,https://humanizeai.com/,2025-07-24 06:34:43.362099,0.8,20.0,4.5,15,growth,0.85,4.7,4.3,0.5,4.2
CueIn,"CueIn unifies customer support data with generative AI, enhancing CX team efficiency.",2021,,,Mayukh Bhaowal|Vignesh Ganapathy,,Customer Experience|AI,,,United States,"""AI-Driven Customer Insights for Conversational Analytics""",https://cuein.ai,https://www.linkedin.com/company/cuein-ai/,https://www.crunchbase.com/organization/cuein,https://cuein.ai/,2025-07-24 06:34:52.476498,4.2,20.3,4.0,15,growth,0.85,4.3,3.8,1.2,3.8
Brevian,"Brevian is a no-code platform enables business users to create secure AI agents, integrate with data and applications, answer queries.",2023,9000000.0,seed,Ram Swaminathan|Vinay Wagh,Felicis,Sales AI|Sales Intelligence|Productivity Tools,,,United States,"""AI-Driven Sales Intelligence and Customer Insights Platform""",https://brevian.ai/,https://www.linkedin.com/company/brevian-ai,https://www.crunchbase.com/organization/brevian,https://brevian.ai,2025-07-24 06:35:02.026404,3.2,28.0,4.5,40,growth,0.85,4.7,4.2,1.5,4.3
Hume AI,Hume AI is a research lab and technology company building AI systems with emotional intelligence.,2021,72771859.0,series_b,Alan Cowen|John Beadle,Eqt Ventures|Union Square Ventures|Wisdom Ventures|Metaplanet|Lg Technology Ventures,AI|Voice Technology|Emotional Intelligence,Berkeley,California,United States,"""AI-Driven Conversational Interfaces for Healthcare and Customer Service""",https://hume.ai,https://www.linkedin.com/company/hume-ai,https://www.crunchbase.com/organization/hume-ai,https://www.anthropic.com/customers/hume,2025-07-24 06:35:14.133947,1.2,20.0,4.0,15,growth,0.85,4.3,3.8,0.8,3.8
Lindy,"Lindy is an AI agent builder that helps businesses and entrepreneurs automate tedious tasks with a no-code, AI-native platform.",1932,49900000.0,series_b,Florent Crivello,Menlo Ventures|Coatue|Sv Angel|Battery Ventures|Gtmfund,AI|Automation,,,United States,"""AI Workflow Automation Solutions for Businesses""",https://www.lindy.ai,https://www.linkedin.com/company/lindyai/,https://www.crunchbase.com/organization/lindy,https://www.lindy.ai/,2025-07-24 06:35:22.754281,0.0,0.0,1.0,0,unknown,0.35,1.0,1.0,0.0,1.0
Rad AI,"Rad AI develops software that uses AI to automate radiology report writing, aiming to enhance accuracy and reduce radiologist burnout.",2018,151000000.0,series_c,Doktor Gurson|Jeff Chang,Khosla Ventures|Transformation Capital|Quantumlight|Fifty Years|Kickstart,AI|Healthcare|Automation,,,United States,"""AI-Driven Radiology Workflow Automation Solutions""",https://www.radai.com,https://www.linkedin.com/company/radai,https://www.crunchbase.com/organization/radai,https://mlq.ai/startups/qevlar-ai/,2025-07-24 06:35:33.285387,0.5,35.0,4.0,10,early,0.85,3.8,3.2,0.3,3.5
Seek AI,Seek AI provides an AI automation platform to generate and maintain code for answering ad-hoc data questions.,2021,9000000.0,series_unknown,Sarah Nagy,Conviction Partners|Battery Ventures|Mustafa Suleyman|Njp Ventures|Tristan Handy,Generative AI|Natural Language Processing,New York,New York,United States,"""Natural Language Processing for Data Analytics Solutions""",https://www.seekwhatmatters.com,https://www.linkedin.com/company/seek-ai,https://www.crunchbase.com/organization/seek-ai,https://startup.ml/seek-ai/,2025-07-24 06:35:43.880341,1.2,20.0,4.0,15,growth,0.85,4.2,3.8,0.8,3.8
Roe AI,Roe AI is an AI-native data platform for unstructured data stored in blob storage and CRMs.,2023,3500000.0,seed,Jason Wang|Richard Meng,Y Combinator|Gradient|Orange Collective|Ardent Venture Partners|Daniel Svonava,AI|Compliance|Risk Management,,,United States,"""AI-Driven Compliance and Risk Management Solutions""",https://www.getroe.ai/,https://www.linkedin.com/company/roe-ai/,https://www.crunchbase.com/organization/roe-ai,https://www.getroe.ai/,2025-07-24 06:35:53.965099,7.2,20.1,4.5,40,growth,0.85,4.7,4.3,3.5,4.6
Simular,The Autonomous Computer Company,2024,5499995.0,seed,Ang Li|Jc Yang,South Park Commons|Yisu Jin|Eddie Kessler,AI|Automation|Productivity,,,United States,"""AI-Driven Workflow Automation Solutions""",https://simular.ai,https://www.linkedin.com/company/simular-ai,https://www.crunchbase.com/organization/simular,https://www.simular.ai/,2025-07-24 06:36:04.001741,0.8,35.0,4.5,40,growth,0.85,4.3,4.1,1.2,4.2
Krista Software,Krista is an AI-led SaaS company that offers an agentic platform for business process automation.,2016,27196451.0,series_a,Bhavesh Soni|John Michelsen|Madhav Sonthalia,Rally Ventures|Igrafx|Grotech Ventures|Seyen Capital|4S Bay Partners,AI|Conversational AI|Automation,,,United States,"""Conversational AI Automation for Business Processes""",https://krista.ai,https://www.linkedin.com/company/krista-ai,https://www.crunchbase.com/organization/krista-software,https://krista.ai/,2025-07-24 06:36:14.684224,2.3,30.0,3.5,15,growth,0.85,3.8,3.2,0.5,3.7
Fusemachines,"Fusemachines is an enterprise AI services and solutions provider that brings AI education, products, and jobs to underserved communities.",2013,104437500.0,private_equity,Sameer Maskey,Future Perfect Ventures|Rugged Ventures|Business Oxygen (Bo2)|Tectonic Capital,AI|Machine Learning|Natural Language Processing,New York,New York,United States,"""Enterprise AI Solutions for Natural Language Processing""",http://fusemachines.com/,https://www.linkedin.com/company/fusemachines,https://www.crunchbase.com/organization/fusemachines,https://www.bloomberg.com/news/articles/2024-01-23/ai-startup-fusemachines-strikes-spac-deal-to-list-on-nasdaq,2025-07-24 06:36:44.094071,1.2,22.5,3.8,15,growth,0.85,3.9,3.5,0.8,3.7
Mytra,Mytra is a robotics company developing software-defined warehouse robotics solutions to automate industrial tasks in logistics.,2007,78000000.0,series_b,Chris Walti|Ahmad Baitalmal,Eclipse Ventures|Promus Ventures|Life Extension Ventures|Greenoaks|515 Ventures,Robotics|AI,,,United States,"""AI-Driven Warehouse Robotics Automation Solutions""",http://mytra.ai,https://www.linkedin.com/company/mytra-ai,https://www.crunchbase.com/organization/mytra,https://venturebeat.com/ai/former-tesla-lead-unveils-warehouse-robot-that-can-lift-3000-lbs/,2025-07-24 06:37:00.903654,0.3,20.0,3.5,10,growth,0.85,3.8,3.2,0.15,3.0
Atomic AI,Atomic AI is a developing the cutting-edge fusion of machine learning and structural biology to unlock RNA drug discovery.,2021,38500000.0,series_a,Raphael Townshend,8Vc|Aix Ventures|Playground Global|Greylock|Modi Ventures,Biotech|AI|Drug Discovery,,,United States,"""AI-Driven RNA Drug Discovery Solutions""",https://atomic.ai/,https://www.linkedin.com/company/atomic-ai-rna/,https://www.crunchbase.com/organization/atomic-ai,https://techcrunch.com/2023/01/25/with-new-funding-atomic-ai-envisions-rna-as-the-next-frontier-in-drug-discovery/,2025-07-24 06:37:13.047971,1.2,15.0,4.0,15,unknown,0.85,4.2,3.8,0.8,3.8
Battleground Kia,"Battleground Kia is a car dealership that provides KIA, Soul, Forte, and Sorento vehicles in Raleigh.",2020,,,Maya Hutchinson,,AI|Advertising|Political Campaigns,Denver,Colorado,United States,"""Generative AI for Political Campaign Advertising""",http://battlegroundkia.com,https://www.linkedin.com/company/battleground-kia,https://www.crunchbase.com/organization/battleground-kia,https://www.wired.com/story/battelgroundai-ai-progressive-political-ads/,2025-07-24 06:37:23.518425,0.3,35.0,3.5,10,growth,0.85,3.8,2.5,0.15,3.0
Abridge,Abridge is an AI-driven platform that transforms patient-clinician conversations into structured clinical notes for healthcare industries.,2018,757500000.0,series_e,Florian Metze|Sandeep Konam|Shivdev Rao,Andreessen Horowitz|Khosla Ventures|Bessemer Venture Partners|Ivp|Lightspeed Venture Partners,Healthcare AI|NLP,,,United States,"""AI-Driven Healthcare Communication Solutions""",https://www.abridge.com,https://www.linkedin.com/company/abridgehq,https://www.crunchbase.com/organization/abridge-d1a4,https://techcrunch.com/2025/02/27/stripe-ceo-says-ai-startups-are-growing-faster-than-saas-ever-did-and-calling-them-wrappers-misses-the-point/?utm_source=chatgpt.com,2025-07-24 06:38:09.394542,2.3,35.0,3.8,15,growth,0.85,3.5,3.0,0.8,3.7
Akooda,"Akooda is a Ops Intelligence platform, providing true insights on existing SaaS tools used across the digital footprint.",2020,11500000.0,seed,Yuval Gonczarowski,Founder Collective|Village Global|Flybridge|Nfx|Argon Ventures,AI|SaaS|Data Analysis,,,United States,"""AI-Driven Operational Insights for SaaS Environments""",https://www.akooda.co/,https://www.linkedin.com/company/akooda/,https://www.crunchbase.com/organization/akooda,https://techcrunch.com/2023/07/25/akooda-is-using-ai-to-help-companies-understand-their-business-with-fewer-meetings/,2025-07-24 06:38:19.025959,3.2,28.0,4.5,15,growth,0.85,4.3,3.8,1.0,4.2
Tanka,Tanka - The Messenger with Memory for Team Collaboration.,2019,,,Kisson Lin,,AI|Messaging|Productivity,Redwood City,California,United States,"""AI-Driven Business Communication and Memory Solutions""",https://www.tanka.ai/,https://www.linkedin.com/company/tankaai/,https://www.crunchbase.com/organization/tanka-1bec,https://www.reuters.com/press-releases/tanka-brings-ai-memory-to-workplace-chat-2025-02-18/,2025-07-24 06:38:31.816421,3.2,25.0,4.0,15,growth,0.85,4.3,3.8,0.8,3.7
Napkin AI,"Visual AI for business storytelling. Napkin transforms your text into visuals, perfect for presentations, blogs and more.",2021,12000000.0,seed,Pramod Sharma|Jerome Scholler,Accel|Crv|Innorevo Ventures,AI|Graphic Design|Vertical AI,,,United States,"""AI-Driven Graphic Design Automation Solutions""",https://thenapkinai.com/,https://www.linkedin.com/company/napkin-ai,https://www.crunchbase.com/organization/napkin-ai,https://venturebeat.com/ai/napkin-vertical-ai-agents-design/,2025-07-24 06:38:54.779017,0.8,25.0,4.5,15,growth,0.85,4.3,4.0,0.9,4.2
Emergence,Emergence is technology company that advances science and development of AI agent systems for enterprise.,2023,,,former IBM researchers|Ravi Kokku|Satya Nitta|Sharad Sundararajan,,AI|automation|enterprise,New York City,New York,United States,"""Natural Language Processing Automation for Enterprise Solutions""",https://www.emergence.ai/,https://www.linkedin.com/company/emergenceai/,https://www.crunchbase.com/organization/emergence-9794,https://venturebeat.com/data-infrastructure/emergence-ais-craft-arrives-to-make-it-easy-for-enterprises-to-automate-their-entire-data-pipeline/,2025-07-24 06:39:06.937032,4.2,21.0,4.5,30,growth,0.85,4.7,4.3,1.5,4.6
WaveForms AI,WaveForms AI is a firm focused on developing improved audio intelligence through research and solutions.,2024,41500000.0,seed,Alexis Conneau|Coralie Lemaitre,Andreessen Horowitz|Techsphere Ventures,AI|Audio Software|Conversational AI,San Francisco,California,United States,"""AI-Driven Emotional Intelligence Audio Software""",https://www.waveforms.ai,https://www.linkedin.com/company/waveforms-ai,https://www.crunchbase.com/organization/waveforms-ai,https://www.bloomberg.com/news/articles/2024-12-09/ai-voice-startup-from-ex-openai-researcher-valued-at-200-million,2025-07-24 06:39:29.984412,1.2,20.0,4.5,15,growth,0.85,4.7,4.2,0.8,4.3
Black Forest Labs,"Black Forest Labs develops advanced generative deep learning models for images and videos, emphasizing broad accessibility and transparency.",2024,30601096.5,seed,,General Catalyst|Andreessen Horowitz|Mätch Vc|Garry Tan|Michael Ovitz,AI|Image Generation,,,United States,"""AI-Driven Image Generation Technology""",https://blackforestlabs.ai,https://www.linkedin.com/company/bflml,https://www.crunchbase.com/organization/black-forest-labs-01de,https://www.bloomberg.com/news/articles/2024-11-26/a16z-in-talks-for-200-million-round-in-black-forest-ai-startup-behind-grok,2025-07-24 06:39:39.532402,1.2,35.0,4.5,15,early,0.85,4.3,4.0,0.8,4.2
Promise,Promise streamlines government payments and benefits with secure technology.,2017,48120000.0,series_b,George Strompolos|Jamie Byrne|Dave Clark|Diana Frappier|Phaedra Ellis Lamkins,8Vc|Xyz Venture Capital|Y Combinator|Village Global|Kapor Capital,Generative AI|Film Production,,,United States,"""Generative AI Content Creation for Film and Series""",https://www.promise-pay.com,https://www.linkedin.com/company/joinpromise,https://www.crunchbase.com/organization/promise,https://www.reuters.com/technology/artificial-intelligence/andreessen-horowitz-backed-studio-promise-start-producing-movies-series-using-ai-2024-11-19/,2025-07-24 06:39:52.280136,0.2,35.0,3.5,10,growth,0.85,3.8,3.2,0.15,3.7
Hippocratic AI,Hippocratic AI is a healthcare technology company that develops safety-focused large-language models for medical applications.,2023,163000000.0,series_b,Munjal Shah|Alex Miller|Debajyoti Datta|Kim Parikh|Meenesh Bhimani,General Catalyst|Andreessen Horowitz|Nvidia|Kleiner Perkins|Sv Angel,Healthcare AI|Natural Language Processing,Silicon Valley,California,United States,"""AI-Driven Natural Language Processing for Healthcare""",https://www.hippocraticai.com,https://www.linkedin.com/company/hippocratic-ai-health,https://www.crunchbase.com/organization/hippocratic-ai,https://www.reuters.com/business/healthcare-pharmaceuticals/hippocratic-health-raises-50-mln-seed-funding-build-ai-model-2023-05-16/,2025-07-24 06:40:01.925426,10.8,25.0,4.8,30,growth,0.85,4.7,4.3,1.5,4.5
VantedgeAI,Scaling investing workflows with AI,2021,3000000.0,seed,Ravi Chachra|Vijay Lavhale,Y Combinator|Gmo Venturepartners|Asymmetry Ventures|Zillionize|Kevin Moore,AI|Fintech,Norwalk,CT,United States,"""AI-Driven Investment Workflow Optimization Platform""",https://www.vantedgeai.com/,https://www.linkedin.com/company/vantedgeai,https://www.crunchbase.com/organization/8vdx,https://www.ycombinator.com/companies/vantedgeai,2025-07-24 06:40:22.428558,1.2,23.5,4.0,15,growth,0.85,4.3,3.8,0.8,3.8
LeewayHertz Technologies,LeewayHertz is an AI-focused software development company empowering businesses with robust and scalable AI solutions.,2007,,,Akash Takyar,,AI|Fintech|Consulting|Development,,,United States,"""AI-Driven Fintech Solutions and Consulting Services""",https://www.leewayhertz.com/,https://www.linkedin.com/company/leewayhertz-technologies,https://www.crunchbase.com/organization/leewayhertz-technologies,https://www.leewayhertz.com/fintech-ai-consulting-and-development-company/,2025-07-24 06:40:31.929830,1.2,23.0,3.8,15,growth,0.85,3.5,3.0,0.5,3.5
Blu Analytics,Blu Analytics enables News Analytics in financial markets with predictive trading signals and managed trading accounts.,2023,,,,,AI|Fintech|Data Analytics,,,United States,"""AI-Driven Financial Analytics and Investment Optimization""",https://bluanalytics.io,https://www.linkedin.com/company/bluanalytics/,https://www.crunchbase.com/organization/blu-analytics,https://bluanalytics.io/,2025-07-24 06:40:44.004248,4.5,22.0,4.5,40,growth,0.85,4.3,4.1,1.8,4.2
Slope,Slope is a B2B financial platform that offers a variety of payment alternatives while being paid immediately.,2021,252125000.0,series_unknown,Alice Deng|Lawrence Lin Murata,Trinity Capital|Y Combinator|Union Square Ventures|Mischief|Fj Labs,Fintech|AI|Payments,,,United States,"""B2B Payments Risk Management Solutions with AI""",https://slopepay.com,https://www.linkedin.com/company/slope-tech,https://www.crunchbase.com/organization/slope-677a,https://medium.com/slope-stories/slopegpt-the-first-payments-risk-model-powered-by-gpt-4-cd444ab5242d,2025-07-24 06:40:59.350033,16.0,20.0,4.5,20,growth,0.85,4.5,3.8,1.5,4.2
Treat,Play to rescue real animals,2021,5462500.0,seed,,Velo Partners|Stardom Ventures|Petstock|Garrett Smallwood|Sharon Tal,Generative AI|E-commerce|Advertising,,,United States,"""Generative AI for Personalized Product Photography""",https://www.treatva.com,https://www.linkedin.com/company/treat-virtual-adoption,https://www.crunchbase.com/organization/treat-62eb,https://www.businessinsider.com/generative-artificial-intelligence-startup-treat-greylock-ecommerce-advertising-2023-3,2025-07-24 06:41:22.331679,0.1,35.0,4.0,10,early,0.85,4.2,3.8,0.5,3.5
Dazz,"Dazz delivers unified security remediation across code, clouds, infrastructure, and applications for security and development teams.",2021,80000000.0,series_unknown,Merav Bahat|Tomer Schwartz|Yuval Ofir,Insight Partners|Index Ventures|Cyberstarts|Greylock|Cerca Partners,Cybersecurity|Cloud Security,,,United States,"""Automated Cybersecurity Solutions for Cloud Vulnerability Management""",https://www.dazz.io,https://www.linkedin.com/company/dazz-io,https://www.crunchbase.com/organization/dazz-5dab,https://techcrunch.com/2024/07/24/dazz-snaps-up-50m-for-ai-based-automated-cloud-security-remediation/,2025-07-24 06:41:49.931887,4.5,14.0,4.0,15,unknown,0.85,4.2,3.8,1.2,4.1
Modular,Modular is an AI software developer platform that unifies the development and deployment of AI for everyone.,2022,115000000.0,series_b,Chris Lattner|Tim Davis,General Catalyst|Sv Angel|Greylock|Google Ventures|Factory,AI|Machine Learning,Palo Alto,California,United States,"""AI System Development and Optimization Platform""",https://www.modular.com,https://www.linkedin.com/company/modular-ai,https://www.crunchbase.com/organization/modular-ai,https://techcrunch.com/2023/08/24/modular-raises-100m-for-ai-dev-tools/,2025-07-24 06:42:00.866491,3.2,28.0,4.5,15,growth,0.85,4.7,4.3,1.0,4.2
Manas AI,Manas AI is a disruptive drug development AI firm that offers drugs for cancer and rare diseases.,2025,24600000.0,seed,Reid Hoffman|Siddhartha Mukherjee,General Catalyst|Greylock|Reid Hoffman,AI|Drug Discovery,,,United States,"""AI-Driven Oncology Drug Discovery Solutions""",https://www.manasai.co/,https://www.linkedin.com/company/manas-ai/,https://www.crunchbase.com/organization/manas-ai-2aa7,https://techcrunch.com/2025/01/27/reid-hoffmans-manas-ai-raises-24-6m-a-fraction-of-other-ai-drug-discovery-startups/,2025-07-24 06:42:11.737093,1.2,40.0,4.5,15,early,0.85,4.7,4.2,3.0,4.3
Milo,The Family AI - a copilot for parents to tackle the invisible load of running and raising a family.,1934,,seed,Archa Jain|Avni Patel Thompson,Y Combinator|Magnify Ventures|Openai Startup Fund|Terrence Rohan|Bronze Investments,AI|parenting|personal assistant,,,United States,"""AI-Driven Parental Task Management Solutions""",https://www.joinmilo.com,https://www.linkedin.com/company/joinmilo,https://www.crunchbase.com/organization/milo-b5f8,https://www.businessinsider.com/milo-ai-personal-assistant-for-parents-kids-openai-2023-8,2025-07-24 06:42:21.477067,0.0,0.0,1.0,0,unknown,0.35,1.0,1.0,0.0,1.0
Physical Intelligence,Physical Intelligence is an AI company developing machine learning for robots and other physical devices.,2024,435000000.0,series_a,Lachy Groom|Karol Hausman|Sergey Levine|Adnan Esmail|Brian Ichter|Quan Vuong,Openai|Khosla Ventures|Sequoia Capital|Bond|Thrive Capital,AI|Robotics,San Francisco,California,United States,"""AI-Driven Robotics Learning Solutions""",https://physicalintelligence.company,https://www.linkedin.com/company/physical-intelligence,https://www.crunchbase.com/organization/physical-intelligence-834b,https://pitchbook.com/news/articles/robotics-ai-physical-intelligence-bezos,2025-07-24 06:42:32.379285,1.2,20.0,4.5,15,growth,0.85,4.7,4.3,0.8,4.2
Apptronik,Apptronik designs and builds human-centered robotics systems.,2016,431724924.0,series_a,Bill Helmsing|Jeffrey Cardenas|Nicholas Paine,Google|B Capital|Capital Factory|Scrum Ventures|Ark Investment Management,robotics|industrial automation,Austin,Texas,United States,"""Industrial Humanoid Robotics for Hazardous Work Automation""",https://apptronik.com,https://www.linkedin.com/company/apptronik-inc.,https://www.crunchbase.com/organization/apptronik,https://www.axios.com/2024/03/15/humanoid-robots-mercedes-apptronik-apollo-automakers,2025-07-24 06:43:01.747093,1.2,20.0,3.5,15,growth,0.85,3.8,3.5,0.5,3.2
Agility Robotics,"Agility Robotics builds an efficient, agile, and robust legged platforms for real world applications.",2015,178792000.0,corporate_round,Damion Shelton|Jonathan Hurst|Mikhail Jones,Amazon|Playground Global|Tdk Ventures|Bossa Invest|Safar Partners,Robotics|AI,Corvallis,Oregon,United States,"""Industrial Humanoid Robotics and Fleet Management Solutions""",http://www.agilityrobotics.com,https://www.linkedin.com/company/agility-robotics,https://www.crunchbase.com/organization/agility-robotics,https://www.axios.com/2024/03/14/humanoid-robot-army-agility-digit-amazon-warehouse,2025-07-24 06:43:11.881420,0.3,20.0,3.5,10,growth,0.85,3.8,3.2,0.15,3.7
Listen Labs,Listen Labs is a platform that uses AI to conduct interviews and analyze qualitative data to help companies understand their customers.,2023,27000000.0,series_a,Alfred Wahlforss|Florian Juengermann,Sequoia Capital|Defiance Capital|Jeremy Yap,Artificial Intelligence|Enterprise Software,San Francisco Bay Area,California,United States,"""AI-Driven User Research Automation Solutions""",https://www.listenlabs.ai,https://www.linkedin.com/company/listenlabss,https://www.crunchbase.com/organization/listen-labs,https://topstartups.io/?funding_round=Series%20A,2025-07-24 06:43:34.015710,4.8,15.0,4.5,15,unknown,0.85,4.2,4.0,1.5,4.2
Advolve AI,AI-driven adtech startup that collect data to from public databases and private historical performance from our client’s ad history,2023,5750000.0,seed,João Sobreira|Djary Veiga|João Paulo Marinho Martins,Canary|Prosus Ventures|Valor Capital Group|Scale Up Ventures|Verve Capital,Marketing Automation|AI|Machine Learning,,,,"""AI-Driven Marketing Automation Solutions""",https://www.advolve.ai,https://www.linkedin.com/company/advolve-ai/,https://www.crunchbase.com/organization/advolve-ai,https://www.thesaasnews.com/news/advolve-ai-raises-5-million-in-seed-round,2025-07-24 06:44:02.836822,7.5,23.5,4.5,30,growth,0.85,4.3,3.8,1.8,4.2
VERSES,VERSES is a cognitive computing company building next-generation intelligent software systems modeled after the wisdom and genius of Nature.,2020,75956367.0,post_ipo_equity,Gabriel René|Capm Petersen|Dan Mapes|Gabriel Rene|Steven Swanson,G42|Decentranet|Pyfera Growth Capital,AI|Machine Learning,,,United States,"""Natural Ecosystem-Inspired Artificial General Intelligence Solutions""",https://www.verses.ai,https://www.linkedin.com/company/helloverses/,https://www.crunchbase.com/organization/verses,https://www.axios.com/2024/03/13/verses-ai-artificial-general-intelligence-chatgpt,2025-07-24 06:44:21.810421,0.5,30.0,3.8,10,growth,0.85,3.5,3.7,0.8,3.5
Moondream,Moondream builts a vision-language model that operates with 1.6 billion parameters.,2024,4500000.0,pre_seed,Jay Allen|Vik Korrapati,Felicis|Ascend|M12   Microsoft'S Venture Fund,AI|Machine Learning|NLP,San Francisco,California,United States,"""Local AI Vision-Language Model Solutions""",https://www.moondream.ai/,,https://www.crunchbase.com/organization/moondream-17e4,https://venturebeat.com/ai/moondream-raises-4-5m-to-prove-that-smaller-ai-models-can-still-pack-a-punch/,2025-07-24 06:44:32.059683,0.8,35.0,4.5,15,early,0.85,4.7,4.3,1.2,4.2
Narada,"Narada offers AI-driven automation for enterprise workflows, enhancing efficiency across various platforms.",2022,,,Kurt Keutzer|Amir Gholami|Dave Park,,AI|Enterprise Software,,,United States,"""AI-Driven Productivity and Task Automation Tools""",https://narada.ai,https://www.linkedin.com/company/narada-ai/about/,https://www.crunchbase.com/organization/narada,https://techcrunch.com/2024/10/29/narada-ais-enterprise-agent-will-use-workplace-tools-for-you/,2025-07-24 06:44:46.868630,3.2,28.0,4.0,15,growth,0.85,4.3,3.8,1.0,3.8
Stealth Startup,"Stealth Startup is a technology, information and internet platform.",2024,,,Raiza Martin|Jason Spielman|Stephen Hughes|Ajay Gulati|Carly Newman|Difeng Gao|Era Jain|Himadri Sanyal,,AI|Consumer Technology,,,United States,"""Consumer-Focused AI Natural Language Processing Solutions""",https://werebuilding.ai/,https://www.linkedin.com/feed/update/urn:li:activity:7269411457195225089/,https://www.crunchbase.com/organization/stealth-startup-0a47,https://techcrunch.com/2024/12/04/key-leaders-behind-googles-viral-notebooklm-are-leaving-to-create-their-own-startup/,2025-07-24 06:44:55.633754,7.2,25.0,4.5,40,growth,0.85,4.7,4.3,1.8,4.2
RagaAI,RagaAI is a software platform that offers solutions for LLM hallucinations and helps in cost optimization.,2022,4700000.0,seed,Gaurav Agarwal,Pi Ventures|Mana Ventures|Exfinity Venture Partners|Anorak Ventures|Tenoneten Ventures,AI|Machine Learning,Silicon Valley,California,United States,"""AI System Safety and Reliability Solutions""",http://www.raga.ai,https://www.linkedin.com/company/raga-ai/,https://www.crunchbase.com/organization/ragaai-inc,https://www.bloomberg.com/news/articles/2024-01-23/nvidia-alum-snags-funding-for-startup-that-fixes-broken-ai,2025-07-24 06:45:11.564591,1.2,25.0,4.0,15,growth,0.85,4.3,3.8,0.8,3.8
Brium,"Brium is a Digital Marketing, Branding & Strategies Agency where ideas are developed with a single purpose.",2024,,,,,AI|Machine Learning,,,United States,"""AI Inference Optimization for Diverse Hardware Solutions""",https://brium.cl/,https://www.linkedin.com/company/brium-branding-digital/,https://www.crunchbase.com/organization/brium,https://techcrunch.com/2025/06/04/amd-takes-aim-at-nvidias-ai-hardware-dominance-with-brium-acquisition/,2025-07-24 06:45:23.158286,3.2,28.0,4.0,15,growth,0.85,4.2,3.8,1.5,3.8
Inception AI,Inception AI is an AI product development company specializing in intelligent automation driven by artificial intelligence.,2005,6000000.0,seed,Stefano Ermon,Mayfield Fund,AI|Machine Learning|Natural Language Processing,Palo Alto,California,United States,"""AI-Driven Natural Language Processing Solutions""",https://www.inceptionai.co,https://www.linkedin.com/company/inception-ai,https://www.crunchbase.com/organization/inception-ai,https://techcrunch.com/2025/02/26/inception-emerges-from-stealth-with-a-new-type-of-ai-model/,2025-07-24 06:45:35.424341,0.1,20.0,3.5,10,growth,0.85,3.8,3.2,0.15,3.0
Cartesia,Cartesia provides real-time multimodal intelligence for all devices.,2023,86000000.0,series_a,Karan Goel|Albert Gu|Arjun Desai|Brandon Yang,General Catalyst|Lightspeed Venture Partners|Index Ventures|Kleiner Perkins|Sv Angel,AI|Machine Learning,,,United States,"""Advanced AI Model Architecture for Data Processing""",https://www.cartesia.ai,https://www.linkedin.com/company/cartesia-ai,https://www.crunchbase.com/organization/cartesia,https://techcrunch.com/2024/12/12/cartesia-claims-its-ai-is-efficient-enough-to-run-pretty-much-anywhere/,2025-07-24 06:45:44.465355,3.2,28.4,4.5,15,growth,0.85,4.7,4.3,1.5,4.2
Pangram Labs,Highly accurate technology to identify AI-generated content.,1994,3975000.0,seed,Bradley Emi|Max Spero,Haystack|Script Capital|Cadenza Ventures|Scop Venture Capital,AI|NLP|Text Detection,,,United States,"""AI Text Authenticity Detection Solutions""",https://pangram.com,https://www.linkedin.com/company/pangramlabs/,https://www.crunchbase.com/organization/pangram-labs,https://www.reuters.com/business/media-telecom/former-tesla-google-engineers-raise-4-million-ai-text-detection-startup-pangram-2025-06-24/,2025-07-24 06:45:55.113583,0.05,30.0,2.0,3,unknown,0.85,2.5,2.0,0.02,2.0
Numbers Station,Numbers station is a software development platform that enables artificial intelligence workflows.,2021,17500000.0,series_a,Chris Aberger|Ines Chami|Sen Wu|Chris Ré|Christopher Aberger,Norwest Venture Partners|Madrona|Firestreak Ventures|Factory|Charles Zedlewski,AI|Data Automation,,,United States,"""AI-Driven Data Transformation and Record Matching Solutions""",https://numbersstation.ai,https://www.linkedin.com/company/numbers-station-ai,https://www.crunchbase.com/organization/numbers-station,https://techcrunch.com/2023/03/20/numbers-station-raises-17-5m-to-bring-ai-to-your-data-stack/,2025-07-24 06:46:24.629456,7.0,28.0,4.5,40,growth,0.85,4.3,3.8,1.5,4.2
World Labs,World Labs develops AI models with spatial intelligence for 3D world perception and interaction.,2024,230000000.0,series_unknown,Fei-Fei Li|Ben Mildenhall|Christoph Lassner|Fei Fei Li|Justin Johnson,Andreessen Horowitz|New Enterprise Associates|Radical Ventures|Salesforce Ventures|Sound Ventures,AI|Computer Vision,San Francisco,California,United States,"""AI-Driven Computer Vision for Advanced Reasoning""",https://www.worldlabs.ai,https://www.linkedin.com/company/world-labs,https://www.crunchbase.com/organization/world-labs,https://www.reuters.com/technology/stanford-ai-leader-fei-fei-li-building-spatial-intelligence-startup-2024-05-03/,2025-07-24 06:46:42.318001,10.0,30.0,4.8,40,growth,0.85,4.7,4.3,24.0,4.9
